{"nodes":[{"x":374.7344970703125,"y":406.1307373046875,"recipeHash":1636436964},{"x":88.73452758789062,"y":170.1307373046875,"recipeHash":-1840997605},{"x":46.73455810546875,"y":461.1307373046875,"recipeHash":107110648}]}